Id,Username,Password,FullName,StudentCode,Email
100,user100,pass100,Student 100,SV100,user100@example.com
101,user101,pass101,Student 101,SV101,user101@example.com
102,user102,pass102,Student 102,SV102,user102@example.com
103,user103,pass103,Student 103,SV103,user103@example.com
104,user104,pass104,Student 104,SV104,user104@example.com
105,user105,pass105,Student 105,SV105,user105@example.com
106,user106,pass106,Student 106,SV106,user106@example.com
107,user107,pass107,Student 107,SV107,user107@example.com
108,user108,pass108,Student 108,SV108,user108@example.com
109,user109,pass109,Student 109,SV109,user109@example.com
110,user110,pass110,Student 110,SV110,user110@example.com
111,user111,pass111,Student 111,SV111,user111@example.com
112,user112,pass112,Student 112,SV112,user112@example.com
113,user113,pass113,Student 113,SV113,user113@example.com
114,user114,pass114,Student 114,SV114,user114@example.com
115,user115,pass115,Student 115,SV115,user115@example.com
116,user116,pass116,Student 116,SV116,user116@example.com
117,user117,pass117,Student 117,SV117,user117@example.com
118,user118,pass118,Student 118,SV118,user118@example.com
119,user119,pass119,Student 119,SV119,user119@example.com
120,user120,pass120,Student 120,SV120,user120@example.com
121,user121,pass121,Student 121,SV121,user121@example.com
122,user122,pass122,Student 122,SV122,user122@example.com
123,user123,pass123,Student 123,SV123,user123@example.com
124,user124,pass124,Student 124,SV124,user124@example.com
125,user125,pass125,Student 125,SV125,user125@example.com
126,user126,pass126,Student 126,SV126,user126@example.com
127,user127,pass127,Student 127,SV127,user127@example.com
128,user128,pass128,Student 128,SV128,user128@example.com
129,user129,pass129,Student 129,SV129,user129@example.com
130,user130,pass130,Student 130,SV130,user130@example.com
131,user131,pass131,Student 131,SV131,user131@example.com
132,user132,pass132,Student 132,SV132,user132@example.com
133,user133,pass133,Student 133,SV133,user133@example.com
134,user134,pass134,Student 134,SV134,user134@example.com
135,user135,pass135,Student 135,SV135,user135@example.com
136,user136,pass136,Student 136,SV136,user136@example.com
137,user137,pass137,Student 137,SV137,user137@example.com
138,user138,pass138,Student 138,SV138,user138@example.com
139,user139,pass139,Student 139,SV139,user139@example.com
140,user140,pass140,Student 140,SV140,user140@example.com
141,user141,pass141,Student 141,SV141,user141@example.com
142,user142,pass142,Student 142,SV142,user142@example.com
143,user143,pass143,Student 143,SV143,user143@example.com
144,user144,pass144,Student 144,SV144,user144@example.com
145,user145,pass145,Student 145,SV145,user145@example.com
146,user146,pass146,Student 146,SV146,user146@example.com
147,user147,pass147,Student 147,SV147,user147@example.com
148,user148,pass148,Student 148,SV148,user148@example.com
149,user149,pass149,Student 149,SV149,user149@example.com
150,user150,pass150,Student 150,SV150,user150@example.com
151,user151,pass151,Student 151,SV151,user151@example.com
152,user152,pass152,Student 152,SV152,user152@example.com
153,user153,pass153,Student 153,SV153,user153@example.com
154,user154,pass154,Student 154,SV154,user154@example.com
155,user155,pass155,Student 155,SV155,user155@example.com
156,user156,pass156,Student 156,SV156,user156@example.com
157,user157,pass157,Student 157,SV157,user157@example.com
158,user158,pass158,Student 158,SV158,user158@example.com
159,user159,pass159,Student 159,SV159,user159@example.com
160,user160,pass160,Student 160,SV160,user160@example.com
161,user161,pass161,Student 161,SV161,user161@example.com
162,user162,pass162,Student 162,SV162,user162@example.com
163,user163,pass163,Student 163,SV163,user163@example.com
164,user164,pass164,Student 164,SV164,user164@example.com
165,user165,pass165,Student 165,SV165,user165@example.com
166,user166,pass166,Student 166,SV166,user166@example.com
167,user167,pass167,Student 167,SV167,user167@example.com
168,user168,pass168,Student 168,SV168,user168@example.com
169,user169,pass169,Student 169,SV169,user169@example.com
170,user170,pass170,Student 170,SV170,user170@example.com
171,user171,pass171,Student 171,SV171,user171@example.com
172,user172,pass172,Student 172,SV172,user172@example.com
173,user173,pass173,Student 173,SV173,user173@example.com
174,user174,pass174,Student 174,SV174,user174@example.com
175,user175,pass175,Student 175,SV175,user175@example.com
176,user176,pass176,Student 176,SV176,user176@example.com
177,user177,pass177,Student 177,SV177,user177@example.com
178,user178,pass178,Student 178,SV178,user178@example.com
179,user179,pass179,Student 179,SV179,user179@example.com
180,user180,pass180,Student 180,SV180,user180@example.com
181,user181,pass181,Student 181,SV181,user181@example.com
182,user182,pass182,Student 182,SV182,user182@example.com
183,user183,pass183,Student 183,SV183,user183@example.com
184,user184,pass184,Student 184,SV184,user184@example.com
185,user185,pass185,Student 185,SV185,user185@example.com
186,user186,pass186,Student 186,SV186,user186@example.com
187,user187,pass187,Student 187,SV187,user187@example.com
188,user188,pass188,Student 188,SV188,user188@example.com
189,user189,pass189,Student 189,SV189,user189@example.com
190,user190,pass190,Student 190,SV190,user190@example.com
191,user191,pass191,Student 191,SV191,user191@example.com
192,user192,pass192,Student 192,SV192,user192@example.com
193,user193,pass193,Student 193,SV193,user193@example.com
194,user194,pass194,Student 194,SV194,user194@example.com
195,user195,pass195,Student 195,SV195,user195@example.com
196,user196,pass196,Student 196,SV196,user196@example.com
197,user197,pass197,Student 197,SV197,user197@example.com
198,user198,pass198,Student 198,SV198,user198@example.com
199,user199,pass199,Student 199,SV199,user199@example.com
200,user200,pass200,Student 200,SV200,user200@example.com
